label,EOA,PS1,3Rtau,4Rtau,TDP43A,TDP43C,DLB,LOA
1,-6.803703285666073,-4.962309622413972,-6.414343061867882,-6.145835570728077,-3.6495204301441415,-11.376898025765138,-3.442947779508198,-6.9371831925476295
2,-6.902457360426585,-5.151294101609124,-6.33597639269299,-6.2712419814533655,-4.054374739196565,-10.111869923273723,-2.688343894150522,-6.160199956099192
3,-6.414945409514686,-4.341053036364161,-3.699885526465487,-3.034537883901391,-4.389089597711503,-3.17601480254198,-2.6236576102384244,-2.4045569902715025
4,-5.370914884816609,-4.313214707080317,-4.021513099066892,-3.2320181544928013,-4.17933632395291,-3.5884248409779196,-2.2731746736645464,-2.171223084399132
5,-6.28295124211797,-5.121923180366004,-5.9446993243915065,-5.1718008247790515,-3.537846928117452,-10.757656928013873,-2.587958753005498,-5.521969437875129
6,-8.030868789585627,-6.4248933915114685,-6.522812610430963,-5.135129450375891,-4.55466523587485,-9.617756766450563,-3.1457429820585836,-6.531377774536271
7,-6.548536436728922,-6.135075685076134,-5.424335992025247,-3.7131420027548097,-3.5524424217325055,-5.421246963597061,-2.277646666397077,-4.987738334977964
8,-8.309102689736227,-4.9314029474626295,-4.170056927303614,-3.5662242544865213,-5.528877078814813,-5.324801326808731,-3.856715850012155,-3.3726425535542974
9,-3.135253818123069,-1.7312627536169896,-1.3269080946347385,-1.4253141021332034,-1.9253334188014655,-1.8773932162132865,-1.229055431425783,-1.142997658552484
10,-5.433398726983962,-4.272188967624667,-3.3225379022010504,-2.8036455486367378,-3.68089908846689,-2.7591845923286433,-1.8824593352189476,-2.050446526509673
11,-8.908982618202911,-5.413979675463769,-4.746145243382861,-4.243867430099567,-5.758222727007557,-5.619332230124666,-3.7100349919610593,-3.7057746707023185
12,-5.99835586064893,-3.420166585293776,-2.6577926112393766,-2.6645958139949677,-3.244836765740753,-2.8988518384672695,-1.833201639279114,-2.038334975334047
13,-7.418337261069168,-4.391394670076162,-7.322891751684032,-5.423942352961568,-4.681909666478055,-6.645665640825206,-1.9920821737461878,-2.427087464288456
14,-7.467730743063677,-4.595876751368604,-7.035989891503744,-5.626696236557574,-4.917801679962355,-6.104801185933,-2.005113923791706,-2.396489819900947
15,-5.943472643312879,-3.355387981065516,-5.168606007019265,-4.145076327667006,-2.938937561716694,-6.483895404326815,-2.0526124947193276,-2.6017226332803944
16,-4.479122185190105,-3.0199601859559455,-4.364898756404363,-3.7219908214001407,-3.102358393920872,-3.960347446964382,-1.2399475001061242,-1.6610553868343534
17,-6.091339146576832,-3.5435849691795047,-6.23410788822781,-4.924554015464505,-5.328602109692725,-4.682250364870699,-1.6194653225822007,-1.4397413356375994
18,-6.075891789889923,-3.6261880824963253,-6.5357196412021015,-5.0655531561058575,-5.798945800971353,-3.976173978919784,-1.9776313308174862,-1.6882490542435058
19,-5.744142024725606,-3.511811934394662,-5.40964141983058,-4.71000116406619,-5.066038639654044,-3.3813165415659934,-1.7794026651315795,-1.2300221406905416
20,-4.1317130916629266,-2.453782041421315,-3.4905613428763034,-3.216053723915961,-3.3373888951039894,-2.522382607333774,-1.6974633346720414,-1.040346032866139
21,-8.32792536355555,-4.839765513502061,-8.161402114853264,-5.781238363496959,-3.9657215340062977,-13.234721787646412,-4.049373106658459,-6.770269562117756
22,-8.371107457926202,-5.258196643788955,-7.647130859143248,-5.948735730727448,-4.260556133027728,-12.365680177598016,-4.6281663454260284,-7.54175905902919
23,-8.013489828693704,-5.757531811664252,-4.9127428622923075,-4.126328172260763,-4.618246951922781,-6.181528887099706,-2.988247197591767,-4.220354545283515
24,-7.174425711405688,-4.143119692802429,-7.818303519281848,-5.777292369254704,-4.497800647698599,-7.937770115918126,-2.010593573530686,-2.4592000813512453
25,-6.522287083996667,-3.788655718167623,-7.781081559260686,-5.774561199876997,-5.094358846545219,-5.723619121313095,-1.803710864442918,-1.9588489349840934
26,-1.531181144824851,-0.878728113234985,-1.2047148679736361,-1.005694991339692,-0.7351946549718087,-1.6585663000031354,-0.7247984489505235,-0.8335988565607072
27,-0.6124542616840402,-0.3495200717661423,-0.5507698962388298,-0.522985250841441,-0.4241142159896004,-0.5947863151267847,-0.2522075613414677,-0.09263208076179147
28,-3.1099557772094197,-2.1834312971839513,-2.814653232005101,-2.577408314442406,-1.8975667873206576,-2.9359557184343457,-1.2833886813697384,-3.0801410547919303
29,-2.618754335325017,-1.8997894521919079,-2.317924542283193,-2.116717705936268,-1.772818424822213,-2.017374758671617,-0.8355759694007349,-2.2220233388681665
30,-6.537691000765499,-4.753661213964303,-3.6942740123604154,-2.7560560838998693,-4.242861520790541,-2.57682192995024,-2.8817129962867307,-2.9381374327369585
31,-5.608762431509905,-4.7837625799065595,-3.8016934167982797,-3.3089273551414675,-3.810509785301469,-3.4123361571575854,-2.4559099004170664,-2.591325804062324
32,-6.17286855534271,-4.835624761120589,-5.668874877539498,-4.607799389641042,-4.138956448615149,-5.104275859133513,-2.371355640977897,-5.756162134240623
33,-6.420189134560224,-5.235759009242604,-5.569761583200571,-3.528278890559732,-4.155150257864722,-4.369244517854914,-2.461919245564566,-5.802654526126453
34,-6.496327018259831,-5.5145141644016755,-4.235171851719606,-2.1542585915446564,-2.985005039264852,-2.542584355041947,-1.7271170023903426,-5.036483272945262
35,-3.6180204995998793,-1.7946887350973073,-1.2232820464285974,-0.6589374088428237,-2.25251892835081,-1.0332339759031997,-1.283003973380904,-1.2008694562119124
36,-7.899624385780712,-4.435785986538929,-2.4236798302546068,-1.5951762570716987,-4.518901924881846,-1.8020939656696044,-2.5380098984127732,-2.6968043137780375
37,-7.9988745206501335,-7.021688913220522,-4.682536065305902,-3.634493633175982,-5.127473897271299,-3.379517175124307,-2.8363830050976278,-3.258650982618835
38,-3.0208629856031166,-1.9844731973585477,-1.3055535725989973,-0.6888479240775027,-1.8622984097707818,-0.8997617133739205,-1.1712618811414004,-1.2412467695344982
39,-8.585402527779948,-5.359261943810976,-3.0741550393118593,-1.9044951515280637,-4.7642162909332635,-2.099693079235625,-2.335279993381736,-3.076233404513914
40,-6.365782008183108,-4.021298795798342,-6.575452159031168,-4.543083667405881,-4.26652457937909,-3.1689706049197692,-2.2054932750105967,-2.4000292101689022
41,-4.426683028417171,-3.109273332365853,-3.8545052556900536,-3.2878439777787074,-3.276650337008674,-1.9480761769646942,-1.1232961492996698,-1.1378362605545818
42,-2.558460443230043,-1.5365785040357371,-2.0115434382406407,-1.6837709806407255,-1.5177957583494919,-1.5447710033975102,-1.031038851806363,-1.3937852870435607
43,-1.7365658291370367,-1.3109024649823775,-1.2041493230622096,-1.3115046470605234,-1.2093928142651336,-0.7255013713585572,-0.2708995358760342,-0.4319739473920138
44,-1.3528532236691826,-1.06474142126944,-1.8132774131166216,-1.3312187641066158,-1.1587768097355235,-1.1563155272562056,-0.7061444112899377,-0.6651221265074618
45,-3.628983045249937,-2.702161261781415,-4.310807977426569,-3.256354481647293,-3.5605365300149336,-1.9558205400801218,-1.255480286955848,-1.2041986368655921
46,-0.7396092660191587,-0.5222306384972831,-0.8231206880874627,-0.6607198325741737,-0.7208113748002488,-0.4363202407112245,-0.269036817287913,-0.2434892081901816
47,-0.0028211552083116467,-0.004093295348800059,-0.004113397036482084,-0.0005888718512640844,-0.0012243853300441558,-0.0029090530194620457,-0.0017622334831643677,-0.0018006116806450478
48,-6.542243123915978,-4.212138663325459,-6.46886317608878,-4.576895629707724,-3.2708062520134265,-7.034866728470661,-2.7896181044314288,-6.033509819454048
49,-4.269880046339198,-2.6784523259683883,-3.9442909494666405,-3.338258342473827,-2.3534044389758826,-4.339226028894834,-2.1216756312366165,-4.309950278028981
50,-5.560374932177076,-3.4800639969808813,-2.3220401201231753,-1.5350635854598618,-3.209079087458117,-1.5024203240498546,-1.9491158869138934,-2.512849906926639
51,-5.094970393476301,-3.514120844481834,-6.508135787758811,-5.007178623329623,-3.8103932167026056,-4.815825078668523,-2.877831085926275,-3.5473940308840044
52,-5.947173775566949,-4.139916603763898,-7.506812850634257,-5.436428213450644,-4.8322616911596725,-3.3807847463422354,-2.246197601738903,-2.63585543235143
53,-0.3333105796054677,-0.18841341748011553,-0.26360535632648924,-0.19860019115050745,-0.1756816302371469,-0.2676547233905223,-0.14478417779483227,-0.2650588096838373
54,-0.9278749455966668,-0.7148713069102748,-1.0003155830642072,-0.8075723348500718,-0.6988455630800766,-0.7769348388806719,-0.5362481378610795,-0.6120051379271855
55,-5.303350450025527,-3.554482797157415,-3.5122454325386485,-2.017294499330524,-3.245848312987961,-3.9536907021215995,-2.482145761781328,-3.2464787714399095
56,-5.991155919725642,-4.0318342005164505,-4.721911257309528,-2.9149972669339363,-3.3958117666365553,-5.037271354773498,-2.596072541263682,-4.92889522621946
57,-5.910158031256369,-3.4416500000640116,-2.5103996801873447,-1.7334459728614369,-3.3057109119658863,-2.577276848011621,-2.520729320352328,-2.6802757284167105
58,-5.6272525977817365,-4.0775130911508795,-1.3190492693826297,-0.2610644740573199,-1.1098836422983156,-0.75583517632792,-1.7308426820630225,-3.731002826061315
59,-5.12459690739202,-3.694294235969897,-1.150341139656269,-1.0965936874913176,-1.9717274668567655,-0.5789049701183606,-2.3327387740187007,-3.520734727764513
60,-3.5997823080325353,-2.362267660284911,-1.293058334060677,-0.662536654070068,-1.8422720626585132,-1.5786478952161256,-2.02963631094157,-2.9494578327255065
61,-2.611680878494147,-0.9991161128430804,-1.0743520475634492,-0.4407084830957543,-1.0195292339922062,-1.160937100534397,-0.460182337053926,-1.4866609040033976
62,-5.234727850999678,-3.5553370994159463,-1.1078992050199654,-1.585995544896959,-2.867753234579268,-1.9419923543302693,-1.9388758204916998,-3.150182822306393
63,-3.306685597715623,-2.341985216879944,-0.5324196897870372,-0.13329946571920606,-1.2012327673026202,-0.8417959414029229,-1.0984736523070446,-2.224161401377719
64,-3.6562189586873797,-3.1055743402618403,-0.8657102101843205,-0.15690148237332951,-1.5147491905983836,-0.5276899877824317,-2.547871578760531,-3.007048927766496
65,-4.624438789407758,-3.5806404042688516,-0.9269233042121839,-1.094496491027639,-2.1380433810955606,-1.4476654547276855,-1.8886345860568232,-2.375898960522749
66,-0.7918462190303658,-1.630773752097241,-0.1079486529834362,0.2331848106399588,-0.35972634291432437,-0.2630700122978625,-0.13303664937819526,-1.6063306364287384
67,-2.385276537488009,-1.25280675789696,-0.8302307739792049,-0.25252353163234925,-1.2118144786454979,-0.45983482626391314,-0.8524747412772565,-1.0455036317052302
68,-4.467230087923189,-3.562151426154967,-1.0631698157515297,-0.6445900354731255,-1.6702545317900164,-1.0743795856244782,-1.4008961981089363,-2.503221487545165
69,-1.5591361373851924,-1.3290744840862416,-0.14830583008696388,-0.13547861964322186,-0.721030363619831,-0.30829435057042076,-0.21062515865700918,-0.9150983559343631
70,-3.9925314681800654,-3.0548832012186646,-0.7083704436563466,0.021992049750132716,-0.9751789182119001,0.30659822691797844,-1.5760970306545312,-2.022582370130116
71,-5.852635111657276,-3.859758833315632,-2.1555083234013424,-1.7498039329594444,-2.1269173034382454,-0.5199072310391791,-1.8626492386877538,-1.7324890096851775
72,-5.246790142050719,-4.37262335387378,-0.6242259684590211,-1.0042437897566716,-2.015777801819399,-1.2176647074422962,-0.6536692055666169,-2.0918709834911535
73,-1.8868268883647588,-2.1299788370494928,-0.306257440075244,-0.20149119367007642,-0.5230891235128866,-0.16589969122424092,0.03365134915632921,-1.2565122855437871
74,-4.847516845239653,-2.465117490872232,0.1552661231883079,-0.2668408132779611,-0.2570662887155852,0.5248405424270721,-0.6616419021052202,-1.2600139831666555
75,-5.4803241969436565,-4.276951370070356,-1.8340209863414187,-1.714430562143714,-2.7595820950137244,-1.893376496401547,-2.203041764380787,-2.826460941916349
76,-4.731780210046394,-4.201213915375076,-0.5535493297279284,-1.6099561254826404,-1.158163578854562,-0.5020739969254101,-1.2368073575149694,-1.681176105781846
77,-5.338739176089453,-3.367786252059585,-1.1652046020235909,-0.9500310219381357,-1.6853489558934784,-0.621553876857309,-0.8203535352568434,-2.1117850930595674
78,-3.297399141392335,-3.1302775370115183,-0.7345131664498376,-0.4649329000780762,-0.8967540325523764,-0.04922950964580097,0.12373702843760057,-1.8267082571461326
79,-7.052576399523516,-5.584410559975334,-1.9715207872964802,-1.8844945396628314,-2.4536851404232087,-1.4066835281101158,-1.3328687175242822,-2.402364545750104
80,-4.778509309886066,-4.070401569431617,-1.078027961197424,-2.075588455656233,-1.785853385603176,-0.9480508185608348,-2.802452591513476,-2.3501911878547337
81,-3.3680666271723516,-2.3983087996753203,0.22414736915368716,-0.42876449662885147,-0.739951330453867,0.644157296112448,0.20840582368048013,-0.9519159642131217
82,-5.870121192456518,-3.9629824588105427,-0.4061694087140396,-0.7899309326324414,-1.2700878231351278,0.34371661585050645,-0.18127323833060244,-1.4884964406687384
83,-3.571482343436043,-3.320583277866604,-0.1317791403486791,-0.6013560411989808,-1.159273848067398,0.5376588745285232,-0.4602700131675745,-1.3530075575761238
84,-3.913126164516664,-2.800630613742727,-0.3569140967239865,-1.2188115224755551,-1.0490617134479985,-0.5147181875981686,-2.024892829617372,-1.985397333188563
85,-3.8263049751190343,-2.634652895223779,-0.31522850615011455,-0.8449410718434164,-1.2704714713050043,-0.09094075316919846,-2.0403929328736194,-2.534359682536971
86,-4.98319305556044,-2.8140384819537214,-2.1663131856251137,-2.1068203559651226,-2.3649972395183334,-1.5873145900622727,-1.479416079542064,-2.3764281482151897
87,-6.261798281756537,-3.2259168494558255,-1.2276902555904858,-1.3396253827708167,-2.101578014962535,-0.8780102761725624,-1.4571719866748527,-2.4297175681733516
88,-4.879019160684203,-3.005034616621595,-2.1283897404914494,-1.6763244868392624,-2.3819212183809437,-0.8371117736581031,-0.539935510983506,-1.3056063828122277
89,-6.558232117585031,-3.8788745980043555,-5.3265114543269805,-3.1301350053071375,-3.6734720966903027,-2.6022203104321844,-1.9684871377681454,-2.4369606811956737
90,-4.406450700684188,-2.8785719646996513,-1.889957135047486,-1.5570150127187232,-1.7393093581372105,-0.47772093630344137,-0.11309895684609579,-1.0134039809997684
91,-6.692159142703816,-3.8018542906321566,-1.6970656801921973,-1.1039243472794953,-2.5926195095215023,-0.7416233111653683,-1.7586912738303064,-2.1193664803029852
92,-2.079698474226401,-1.2793970930306746,-0.6472853303309817,-0.6064535683827474,-0.6967964772915193,-0.16172212294599364,0.11157894666415477,-0.5258242901799458
93,-5.530219622266634,-3.5421974373946115,-2.833277727475848,-2.2071810454825975,-2.8624566462851577,-1.1112974017899062,-1.6155074601951431,-2.4073361320966407
94,-4.777627792570764,-3.1651855216024987,-2.1411545940204015,-1.6727598884193011,-2.4234757358938155,0.125815519216418,-1.2342012102639588,-2.6332065937715132
95,-5.757000636498962,-3.7645019420738386,-2.2041450966215805,-2.0802804084367943,-2.3530717591871007,-0.20100745225707733,-0.23155270165774217,-1.637618052966751
96,-5.953696613255889,-3.983620636202395,-1.7189795594185124,-1.7952448722862755,-2.546186282681301,-0.6559585283583147,-1.6113983352846843,-2.5144981898833065
97,-4.02453525384966,-2.8483388627448494,-2.321917338248671,-2.4471788818552285,-2.315964187364923,-0.3168554327672263,-1.823736951862257,-1.582588451038757
98,-5.0385220700647775,-3.3883546806326725,-1.5180225673608663,-1.4882295019135288,-2.0569148124536363,-0.44015014586322826,-2.027874196666043,-2.3659012312205827
99,-5.344535108441864,-4.735090946528258,-2.306222029392826,-2.8058989184179737,-2.532146830867084,-0.3958318992002932,-1.594794926390407,-1.5092759561233091
100,-6.644091654728069,-4.793816065574898,-1.4331094948041783,-1.4410921779090666,-2.0550400341711117,-0.7517253959761417,-1.4704202117100893,-1.6304071016509574
101,-4.0761227399226625,-3.61443898203862,-1.6336441583183325,-1.8992980910433725,-2.109555403625521,-0.39874910833734195,-1.3495559444279726,-0.11782942344979586
102,-4.944740860785315,-4.189510675963173,-1.5976203222932728,-1.510353430494119,-1.3442644004269502,-0.602739084467931,-1.837566062844579,-0.5808850130578851
103,-6.019516242093178,-5.40227671392074,-3.967163073934533,-3.66289921530323,-3.1003337927443773,-1.3707299121673209,-1.822862805633157,-2.339205505394556
104,-3.7290981869056536,-3.767135867055508,-1.663083206529509,-1.5239760335649168,-1.7255988992676237,-0.8175058139206555,-1.4826021062724961,-0.009160043521986353
105,-3.006819148435245,-2.902218014392591,-0.6652470105835568,-0.3789026806431892,-1.110673585177968,-0.9697419037798563,-1.6302445022684786,-0.209411209727894
106,-2.342722964119626,-1.9597155265239083,-0.2310023579010446,-0.5113451842061539,-1.2689779768605984,-0.1307942526153721,-1.2160752241549968,-0.31741303841326185
107,-4.390887262498617,-4.443590503379263,-1.3050676814280686,-1.347298855924579,-1.7223538752126064,-0.03771033749397771,-2.4395141217133762,-0.6824851881787048
108,-3.8273601933626447,-3.4932807692076766,-1.8327900332476323,-1.6897163870159673,-1.7950769375483175,-0.32425715966644797,-2.029781093728116,-0.974826770498738
109,-2.7951695786334394,-2.6959488353088794,-1.9682892545365807,-2.097438014315693,-1.7796708912334522,-0.6927329937889559,-1.515142768281545,-0.7834271664825336
110,-3.2689864023543853,-2.74670002889211,-2.7208565074033433,-2.460331843571794,-2.152875849242779,-0.4332745874868924,-1.5135220638921447,-0.9372375100836529
111,-1.1241460049228578,-1.7499674587995684,-0.5796329414548567,-0.5816983900675099,-0.6680261463457702,-0.33949948977628686,-0.7188675485637928,0.649195451603251
112,-4.977420601899636,-4.121470937043694,-1.8329138392784372,-2.625869815540365,-2.6935185891311613,-2.240446844378404,-1.2250498296725016,-1.9981413978839206
113,-1.3396688148721907,-1.984211596180847,-0.6440575342068678,-0.8962987651049024,-1.0340783989502393,-0.5722780701338445,-1.4341139895484203,-0.2198047130509867
114,-3.7914913189915747,-3.531099593300188,-1.217775878153367,-1.623366303723251,-2.000909331412343,-1.2116060815514833,-1.0272614616729965,-0.9965505917453392
115,-2.2006280517718317,-2.1080320356314814,-1.3501327921525061,-1.4984627243657178,-1.1606807052487642,-0.4673475047074053,-0.7782352145339361,0.28577174214481427
116,-1.257073574852583,-1.6378254575689515,-0.8629383739892618,-1.0158065838701802,-0.34224168763048496,-0.31067839043911843,-0.7672564011272188,0.10479772757566827
117,-2.4709872566092463,-2.0727334948971876,-1.3043888020912195,-1.2012996618508385,-1.432516607187621,-0.6959256501764166,-1.2701513641567865,-0.13366428441197822
118,-2.7396965959580104,-2.4368559946515678,-1.5236701626391629,-1.4724010807897239,-1.609490364286232,-1.2230472923962468,-1.3033689730668505,-0.3055039634517847
119,-1.486335031069122,-1.3974589962031656,-1.38787183242333,-0.2695330560511103,-0.917884791447568,0.15790922166206756,-0.07504626092336039,0.4152673018989913
120,-1.1095638326847788,-1.683806260638603,-0.6746510668293346,-0.6491457192908174,-0.6522231473006531,-0.7886470882789288,-0.9944692483273344,0.08745610848091859
121,-2.81049521938483,-2.81106139336534,-1.555212721287611,-1.160366003326449,-1.9137762089237798,-1.0862735778338457,-1.5524067726712034,-0.567143635327795
122,-0.8960022440614488,-0.577531895828475,-0.24895250551838785,-0.2013515744763685,-0.2028498630508325,-0.30509659381407156,-0.2455014370328513,0.22249085417890874
123,-5.30431276859468,-2.6069747857895815,-3.202492539978574,-1.794258812318328,-3.0351669516763016,-3.5596828458788092,-2.3298281765519104,-2.938489275172332
124,-5.773457578881471,-3.105640216692574,-2.470206109056004,-2.1342255777966663,-3.3414317328604577,-2.853590339990119,-2.251293981497585,-3.3064605936079863
125,-6.677519873090435,-3.60043965799753,-2.6682215955889337,-1.6285914690977839,-2.2519374579226077,-1.4359420278612607,-2.2906915171844418,-2.9248776806708103
126,-6.5672653725832815,-3.9523896942345615,-2.293414080383161,-2.0557857597079607,-2.646477606097109,-2.053675254661605,-2.7378195892049173,-3.058565392669586
127,-5.0220640724436345,-3.659094947915475,-0.3693396069946778,-1.4186176670043107,-0.684398348434918,-0.4142435862594796,-1.3995351629844057,-1.4624250788988473
128,-6.933656195232751,-4.296721764754302,-2.0117322836438447,-1.4734073809844968,-1.9954861483644049,-0.39268167746741467,-1.753297718482127,-2.1777596042800362
129,-5.6890209208007025,-3.7897500296490194,-0.621497706889233,-1.1646744800432074,-1.2189905982693452,-0.05161099799923681,-1.3388715290502897,-1.6390277222097696
130,-6.625041402945067,-5.367796941842946,-1.0855104643259783,-1.979402115220346,-2.4765499890549036,-0.2781616293929103,-1.272284089350863,-1.3058945873729912
131,-6.279662916503649,-4.679224596710164,-1.2281719545810361,-2.345784227132005,-2.023473695755539,-0.6084391298861389,-0.5704499287651392,-0.8961093607508348
132,-6.01284200573764,-4.620685623871557,-1.8991669024112594,-1.6246697166417619,-2.1459052879282057,-0.5362068116859812,-1.80985300117272,-1.4659509954733654
133,-5.535863097185566,-4.349654391790223,-1.2916776511745494,-1.819285458496323,-1.9447209669857661,-0.5655004743234275,-1.080075439696943,-1.1936461197113204
134,-4.528715126282549,-3.2754017606806567,-1.7161773091441541,-2.3579184846212535,-2.0078630564913835,-1.3885599413176084,-1.3931256508180958,-1.9537502133700526
135,-5.106824953688615,-3.3449729548848905,-0.9755994388910973,-1.6056763230763567,-2.672651437079468,0.23414355178654753,-1.8793475013886514,-1.4163452751100218
136,-3.983165924597302,-3.2011266572174923,-1.0927139172409885,-1.874173991313708,-2.4201526345686797,-0.8934903251744845,-1.7842253547705647,-1.536000895865411
137,-4.1251387792082905,-2.9269665145288166,-1.6457433529658179,-1.1047298690612237,-1.9922471903357173,-0.37709660169160436,-1.3352322927671954,-0.5583846645130631
138,-4.160835796062171,-3.2722092254161583,-1.7970042034691653,-2.283778442049919,-2.8860864222702687,-0.6502738024499427,-2.4599942264231007,-1.7161255860257356
139,-3.6746556465703963,-2.69220350350663,-2.0066206110631093,-1.1452163141372262,-2.481699855634665,-1.0900057839012018,-1.60419406946194,-1.0727794496578709
140,-3.534555451040649,-3.179524477050957,-2.9995601954860636,-2.6885105670544602,-1.3090451470266513,-0.6836934684877296,-1.3325516312061487,-0.32637826330743874
141,-4.533441053612746,-3.53210862997796,-3.053952600006443,-2.356940053142535,-1.5416062892615094,-0.8712403456941819,-1.2409137234433594,-1.1904973414348528
142,-5.196254365500012,-4.348500887654569,-2.9850592066968713,-3.21580031860011,-1.1577549433583778,-0.6051710840805093,-0.8770688602934374,-0.6181485310959159
143,-3.5937085191566265,-2.5190551914230506,-2.8808089108900345,-1.5135995556198913,-1.619926633773919,-0.27155305889479076,-0.5247196323616257,-0.640531666670748
144,-3.9315039363865054,-2.988986067028134,-3.0501019997941605,-1.6706390917150233,-2.0416386704960483,0.5720910795200597,-0.8605282652268785,-0.6300193378104244
145,-3.5756513565339336,-2.550923250779617,-3.302885152706644,-2.132754897334982,-2.3464602018116945,-0.14845247076281265,-1.8813035763162955,-0.6902839652064546
146,-6.0561428840789215,-3.6900873286091636,-1.8412695966048163,-1.3679668185636802,-2.0593426236146004,-0.226659301245574,-1.0250889001725432,-1.5549167301955984
147,-6.428707607138352,-4.041453706866495,-1.586156987075661,-1.1600906254222532,-2.7876799365339906,-1.0838780542080424,-2.440377914772867,-2.9539117835656414
148,-7.061277126314643,-4.322101722441411,-2.2008167731526798,-1.5606915620596247,-2.9626421687999467,-0.588132299364374,-0.9814377688528276,-1.6081018908856037
149,-7.413676119239569,-4.063841832772146,-2.3754980647053747,-1.5273465448964825,-2.1513082434666306,-0.3744937107399702,-1.7085644732957554,-2.424680387963675
150,-6.448861510333582,-3.42069716509596,-1.6327609301175394,-1.383153056033059,-1.9812025736966647,-1.1631749253583452,-2.4457735086556474,-2.690399389574047
151,-3.480942717900173,-1.7527870532611716,-3.1531861661271106,-2.271341873217168,-1.9199852392326824,-3.8759101553039548,-1.17236294948946,-2.1846429342205105
152,-6.3860433598794435,-3.158483624572998,-6.707820164947326,-3.9853996674544048,-3.548497229381494,-4.407363519748779,-2.3995000460598375,-2.7228744567002146
153,-4.642731308914063,-2.6262371211647504,-6.861342682102218,-3.1768598948352826,-4.6074266065923934,-2.220714347953307,-0.6617924957563485,-2.0705239340141497
154,-6.003001315768047,-2.8261198830438454,-4.839889615885953,-3.1409544736730375,-3.383531133655263,-3.282828636186463,-1.9546819081673965,-2.407388493091034
155,-5.164483792623472,-2.9642026573519344,-5.0912177389268525,-2.7082265641761554,-3.695867342286023,-1.3311588567743615,-0.018266150108717467,-1.4885853042642014
156,-7.30768317004928,-4.663652117541741,-6.668779201908518,-3.741835790963963,-4.123335425797507,-2.6141995519014496,-0.9485104960398492,-2.0448847941543478
157,-5.759874055365821,-3.745033368327394,-7.252876825139354,-3.293514689844551,-4.6342967773525405,-2.3483925091366076,-1.469530909136877,-2.0222851930098007
158,-4.217124382228717,-3.268824480381403,-3.5874203289575926,-1.8163552749741028,-2.8852999359227742,-0.9340447708184014,-0.9896940484577094,-1.6760293168719131
159,-5.305560273903665,-4.400519900533994,-4.5724767292343484,-1.5880705877740142,-3.2539072289550357,-0.12399903179394399,-0.4113082585815343,-1.6664894613411154
160,-5.368144996766939,-4.407007758901233,-3.823395199552717,-3.1141907253420618,-3.558640656467708,-0.5389803065761694,-1.4224298162882845,-1.6665620088460709
161,-2.452237558363385,-1.6613571156491034,-4.881538097835511,-2.303419778999789,-2.638513828297768,-2.4028797888809046,-1.6014617551244252,-1.6544718500160798
162,-4.205451431727086,-3.5545922370483534,-4.606157329870621,-3.4045166345503133,-3.8587673626742083,-3.326867363283964,-1.6632222873846523,-2.470683341461393
163,-7.974587257470301,-5.856011572888381,-2.8907225222376307,-2.563243877069167,-3.0902224863874577,-0.9355406776286561,-1.7633693751215602,-2.3739462538875387
164,-2.0796812500050565,-1.7478171717556161,-2.861152072323415,-2.0439268962933523,-1.5890753131270905,-0.36941708283525176,-0.9830142552985112,-0.8221703281930576
165,-7.514453483204864,-5.646671252422347,-1.6415931757547721,-2.0419087857829132,-3.0776745067645224,-0.09656587137331232,-2.0094757905006846,-1.9614405799752908
166,-4.5404007206143095,-2.944387896669129,-1.1768941666768085,-1.6769437198681798,-2.497843230800888,-0.6022303713350856,-2.1960665320352217,-1.9271184568751392
167,-1.4803554389159523,-1.4041163347422267,-2.0176817532785845,-1.1175467112822708,-1.3581076689716232,-0.17646307746800743,-0.8149371676926853,-0.28378932718143507
168,-4.066163563299419,-1.356145604235216,-5.1171699047988355,-2.736153405998772,-3.530018740292526,-2.6813532724189213,-1.061338759105815,-2.1641929509784212
169,-4.365341161084269,-2.3294572360578516,-5.110138127535394,-2.2692279481197066,-3.42001113391904,-2.1669750346467294,-1.0924623600398606,-1.7993330124900686
170,-3.901628763497494,-1.9848340008598417,-4.890047760180988,-2.766301409170873,-3.9157516317221885,-1.5887178933167656,-1.5880694745048156,-2.1947843486278136
171,-2.441726656383356,-0.8516619102696735,-3.6331182551222905,-2.296590385537444,-2.476736910824017,-2.3276712989432817,-1.1027516680386482,-1.8949231351938105
172,-4.072094886929588,-3.2461144974741245,-4.292125483965479,-2.701934462028211,-4.056120300531057,-1.3664184957065835,-1.2336618410251874,-1.4072079905866968
173,-4.753726148247648,-1.8415459128993774,-4.296065073447563,-2.176799941955493,-2.757734493536839,-6.482131054887385,-2.6010600060005964,-3.2186913032631796
174,-5.380757273008016,-2.7047041085044894,-5.498085267212612,-3.45429257116673,-3.2193671968556705,-7.317777953702274,-2.910966724691637,-4.512087483591765
175,-4.209422554896374,-2.8498899814316503,-4.0081616473555695,-2.4749005397459607,-1.9885558326652835,-4.881837822008216,-1.7526643249344231,-3.649742182975811
176,-2.88797673210224,-1.3200198091888007,-2.9515927071666095,-1.1127855783923357,-1.8535531356267554,-2.9568590532078454,-1.6273363145438269,-1.7961216540840417
177,-6.1643982471317305,-3.5613741738499702,-5.185110463265142,-2.8987947717426596,-3.3682235404193106,-6.526182319053202,-2.8622792594953705,-4.467760363179817
178,-5.2809367070757665,-2.4197200395478724,-5.384582333255115,-3.135389650953839,-3.209115434000813,-6.913883359076601,-2.2619199101797425,-3.46223590162191
179,-5.314302272512823,-2.6481558779998977,-5.438103829005489,-3.645263987940954,-2.993495105812277,-6.607021018994179,-2.062226547548377,-3.9952995580244988
180,-1.8660051362697345,-1.2168844367938727,-1.351974047843374,-0.988102211583329,-1.0069101850247926,-1.498833855595944,-0.5636739125949363,-1.324923312327395
181,-6.26203390741548,-4.354252872456673,-0.5524835101142929,-1.0551836915674475,-1.1434844825571104,-0.4591142217991221,-1.5428630719731515,-2.391190829855282
182,-7.670554179097375,-4.760839476174405,-2.907081493549725,-2.0595216317252527,-2.7167196539272704,-0.7668702879620927,-3.1074561458874133,-3.0835670315065693
183,-6.692549000074937,-3.441125923439863,-1.5756037765726765,-0.4606971567272812,-2.211190127377281,-0.6271692905661362,-1.4517494915591105,-2.4164592438604635
184,-5.820952166372649,-3.9746185173376016,-1.2739902029851065,-1.0428817012596716,-1.7842380493224919,-0.40785100567608423,-1.4585818928201633,-1.281104720564742
185,-6.396528962883909,-3.4852961640942,-1.1391206528309468,-0.914010547111815,-2.0975193940399652,-0.6423157035083226,-0.2025983127482273,-1.3076129828027516
186,-6.905728292878528,-4.737613573026581,-1.7591554782640342,-2.4512340025384947,-2.354275390565842,-0.7870901800714757,-1.5655923353603272,-1.8248300812627878
187,-8.208218885034206,-3.646593207593499,-3.468422656704713,-2.8048841473905397,-3.1652686443840268,-2.8232072117504123,-2.757356132135727,-3.7098731095778055
188,-5.640525644875544,-3.6644229978181855,-5.7543953313662675,-3.2214773089983875,-4.140152852581089,-1.0520601984148263,-0.9220554040280553,-2.1530416069476934
189,-4.82242576567901,-2.839112054864517,-4.387360831900206,-2.982192745189548,-4.082163488286113,-0.6404278468318816,-0.8574535798176348,-1.4522896260279654
190,-4.696067043331293,-3.5758683309786257,-3.2268147073195395,-2.133655608009105,-3.2391704446458953,-0.07030286624217497,-0.2578591612321627,-1.2576858611930304
191,-4.650894222684169,-3.24539187550357,-3.1662755785350316,-2.298075848183841,-3.4699784913831118,-0.7382297913014867,-0.9596087024276139,-1.3379310502029675
192,-5.129992661586357,-3.9963556665734035,-4.050027136481112,-2.832177134353242,-3.7449825480257473,-0.8917805104554566,-1.8108840613434891,-2.1129892469252045
193,-4.689211397487869,-3.860289754611541,-3.443069380768531,-2.2290382073451886,-3.4762636131209383,-0.2144330373836519,-1.4254360122665737,-1.7364590000383207
194,-4.740451020243561,-4.1327397740526335,-2.9229711752037693,-2.2124872788117953,-2.6424706090621,-0.36717280633575483,-1.100877055890472,-1.7127462474687016
195,-5.109205383671603,-4.268410166706402,-3.291980624445023,-1.7653545602112217,-2.0504805777960047,0.6534230239139068,-0.8097338851914401,-1.128872211028431
196,-4.690432863038543,-3.696278355985141,-3.090457533864556,-2.046426234923094,-2.5436913460339112,0.05073098582372654,-0.7022111345585851,-1.2472787129117116
197,-4.9398963596052745,-2.4209180394345053,-7.934647194856544,-4.014489733138863,-4.385744921949966,-3.262081427499652,-1.7927478865609008,-2.3196869976139753
198,-3.65705543564808,-2.3628691628977605,0.002304231756168614,-0.7706432559825444,-1.0867469664664042,0.3303894171323298,-1.285479889974672,-1.1928427931364434
199,-5.755703248527478,-4.036185968522107,-0.9058538941832734,-1.5356073576736844,-2.6113625314029756,0.9785562891121493,-1.208475547134931,-0.9645310755194771
200,-2.148346972692927,-2.1017987004903733,-3.7387818845523864,-1.4858364397904913,-1.32665850392613,-3.29686144649496,-0.7390155651662663,-0.9113312456140729
201,-4.0790826015920025,-3.8888876448503,-1.9392556728963681,-0.5162456243044221,-1.230565844280569,-1.3493015054501885,-0.5872516456827616,-0.5578743318855249
202,-1.973319942392767,-1.4837409382074844,-2.585882240571866,-1.9028325706982963,-1.6283858032093643,-0.48344634233379613,-0.8268645509824257,-0.7002296909642972
203,-6.123590311090194,-2.368110482206358,-5.521185121010411,-3.0252962981978655,-3.4733772653165613,-6.293709683697671,-2.403469936714497,-3.221168646856148
204,-6.70823841510901,-2.8729944824809537,-5.194785755988358,-2.263584442484389,-3.6938899589472833,-4.9900487383914145,-2.6187788863688906,-4.124114768614335
205,-6.020711840819512,-2.5484756070766252,-3.856370083058772,-2.656295148160048,-2.785873282890802,-2.7729918003849416,-2.10980869168006,-3.2900485906393864
206,-7.14609137204915,-3.4093536839387513,-3.845238410730964,-2.059029029076445,-3.17498439417789,-4.473728380261249,-2.0097599066297334,-3.4621202741567654
207,-4.337402007800869,-2.138912382582432,-2.3618122646305952,-1.9848501048945184,-2.0505173391633593,-3.473894940535368,-1.516719996571174,-2.2605969976746088
208,-8.399930168491863,-5.0759393010815534,-4.05241089288346,-1.808902800200966,-3.474409366182233,-2.6410562843798755,-2.5877663759009533,-4.393112475416788
209,-9.539020239565383,-6.101623036114847,-3.8300797797085737,-1.5389595731202832,-3.8788293580439412,-3.762607469431231,-2.791138010261976,-4.2454899537525055
210,-5.207475004382078,-2.6796460449917623,-1.2710219808100713,-1.2635414012313013,-1.893960428062053,-1.5129506471287164,-2.350255403993504,-2.526821395384248
211,-6.8962426097907485,-4.074678324052769,-1.3348658113753658,-0.10354527518185462,-2.7827547263547605,-1.2277517945542409,-1.496504808930418,-1.819339391482029
212,-6.406752298203824,-4.465956246569825,-2.4247867436722426,-1.2711914068173753,-2.7854028618344557,-1.9717504624483642,-1.7082907764877973,-3.10550384801623
213,-7.134053192683897,-4.11154599004678,-1.8759289906440995,-1.2373034503144988,-2.850331398371576,-0.9208971018834795,-2.496145328398502,-2.630062058504658
214,-5.323034364211901,-3.15659858872075,-1.1339839076112177,-0.6003275897944609,-1.7353023756276416,-0.8452464519597496,-1.1414309088513435,-1.3996114428014255
215,-5.3794587138990675,-3.487538342575285,-0.9531294711253582,-0.9729012988770686,-2.3031195003266554,-0.3769849981497356,-1.466893536707432,-2.102202311908534
216,-6.092115365793819,-3.6865054969391076,-0.5718251046829076,-0.5371934017324291,-2.2564171337664556,-0.006202339361195209,-0.6823649504647472,-1.2593331549675795
217,-6.768180596694021,-4.064290302342242,-0.8235206147932412,-0.012068963364392695,-2.533051891719133,-1.0156213588465706,-1.694005355169763,-1.3980781201090435
218,-5.829481382809903,-3.5285051412089325,-1.0279009973320108,-0.6989166194818206,-2.2701022898506666,-0.13929497090500803,-1.441788445932884,-1.7923091107883915
219,-6.7751902726948305,-4.056199867976636,-1.4449762748794768,-0.37862911673848704,-2.4499231431776374,-0.48970584235934156,-1.3825524771614717,-2.161267488908205
220,-3.998970628870419,-2.21855708336675,-5.962768433978448,-3.3884326917798386,-3.9444954333070807,-2.750567344152254,-0.8336592990835041,-1.9788327324168038
221,-6.273638522850228,-3.6062665974491575,-6.309982156280049,-3.070003307255851,-4.648008584978273,-2.1146093059396343,-0.9332833395296923,-2.25562200647667
222,-4.361040662996458,-3.0791329322742524,-5.653959495272952,-4.020651841056983,-4.4901416734842154,-2.312691433855639,-2.0182334383078167,-2.316141276527874
223,-4.596614853444544,-2.8812833229187262,-7.297407650130358,-4.545234566759135,-4.548594087900409,-4.052405373841905,-1.7665895613189584,-3.4660444288616907
224,-3.933310693410442,-2.070727205140322,-4.8890602930434905,-2.7089908059332664,-3.990312883324286,-1.2236455456921254,-0.3852645646531996,-1.3333751851673314
225,-4.759479187311,-3.664247723134064,-4.341471517023709,-2.5519717991471387,-4.122602801715501,-0.7989351912666176,-1.2237581030776807,-1.9800823071430655
226,-4.5530134608747845,-2.8447921737167463,-4.581370152866716,-2.4299505209446366,-3.9608582533327907,0.1436544058836412,0.04717484160037625,-0.6301698129267408
227,-3.6502358581049807,-2.885879664754112,-4.395889699662303,-3.2162402964880568,-3.783769633707928,-1.8046894568564342,-2.25209309306434,-2.5493630518991894
228,-2.4868027438866247,-1.9003501070701603,-4.854906342827982,-2.6136286788128684,-3.20136222609242,-1.995789962300639,-1.4658489195683557,-2.422487535021277
229,-4.666861104163189,-3.3938871782280535,-4.609486046218152,-1.9003562987526166,-3.4089293280648993,-0.21836787406056055,-0.3976442357624794,-0.9477712298594879
230,-4.007552662759997,-3.8621467137185,-4.268237876914139,-2.618070339746206,-4.055805768393038,-1.6114955851336965,-1.681301944974679,-1.6360947506019643
231,-2.4007395933030513,-1.410484193701799,-3.801850568991817,-1.9663006842703612,-2.336405193872472,-1.8528898824892779,-1.4806913197892768,-1.9147509979484312
232,-2.206196414911884,-1.7266663107876508,-2.667119244820423,-1.9421922083729275,-2.0019665968104676,-0.8960968922040361,-1.3123750484546917,-1.260640388380261
233,-4.602757930796925,-3.7854984681157036,-5.00029991441833,-3.0515865232671486,-3.7650770839598096,-1.7335606117249847,-2.0324090199695104,-2.398107319565553
234,-5.2218749823305615,-4.239550452500354,-3.9121667247865433,-3.107851527412116,-3.413024380696052,-1.0368512814809314,-1.6940908928185785,-1.85283150404086
235,-4.941778909658237,-3.6069943552610257,-3.538025397733844,-2.4665823919653023,-2.34002983293119,-0.2757675130281151,-1.4122039725000455,-1.3033504272677212
236,-3.4709936196942888,-2.7081884386988326,-3.018740821679875,-1.5622976397018802,-2.0813023570898723,-0.035148235832710574,-1.4665137644707782,-1.1037259544765672
237,-2.6280823252519947,-2.0756489792071604,-3.2984173184522736,-1.9689721261554616,-2.42393763598054,-1.1051615084369077,-1.1010559218551494,-0.990513018881684
238,-4.88338531595902,-2.9170049273758414,-3.832010522744416,-2.130112628641436,-3.312210653257544,-0.9717942593247278,-1.3515481502154012,-1.3777651345701731
239,-3.6019948886414315,-2.3545260727570136,-3.529316741276298,-1.7091464556974998,-2.077005889525186,0.30239238559059217,-1.2824817210666009,-1.0575492555521486
240,-3.4417639820035255,-2.5141293104535767,-2.969582503388193,-1.6476547279904206,-1.7463313304444452,-0.4207752649812914,-1.0852738901836605,-1.0675142360464571
241,-4.455332047273744,-2.752671733726478,-3.501239651509261,-1.9195310575105913,-1.9042729111037204,-0.2027201313041589,-0.19868937298660472,-0.9572027177145929
242,-3.385460449957268,-2.4870313570468605,-4.079846791780674,-1.9065032366401915,-2.2524946022860495,-1.1037552644077333,-0.2598907314500208,-0.7378748468505469
243,-2.2160927026641883,-1.8283735611048793,-2.8156478903718636,-1.8044113535626964,-1.6501465058895126,-0.6344263140316133,-0.787106842646745,-0.642222028191825
244,-4.55664225997399,-2.0252156481872396,0.37957289254266385,-0.23296315384575758,-0.48285509757435385,-0.030333992500439555,-0.4972890401324204,-0.937911451886039
245,-6.300887628221824,-4.892298702410125,-0.3716598762736156,-2.014750548818785,-2.099277765818435,0.03861833965389384,-2.447752138617056,-2.3752569951423297
246,-8.892439464087879,-5.38965674137255,-0.4023140219030895,-1.854263148418149,-2.7035272777673147,-0.6455234423186341,-1.7504383739252536,-2.60221459875781
247,-7.774128181769325,-5.265221768169937,-1.0635542675485183,-1.6733362098856772,-2.535367201020686,-0.8489766593786595,-1.4314036848618812,-1.9931364474881204
248,-7.3803178004833425,-5.467861546255183,-0.39079153030960667,-2.083425067111588,-1.89479040547148,0.09815079495717727,-2.072436094784179,-2.6300362098205765
249,-10.292783856349438,-7.178293161303877,-0.5122989517453119,-2.339334358470823,-3.4947532393306355,-0.5425241168694239,-1.9819321625165596,-3.162043066181065
250,-9.596414617547108,-6.845001531143676,-1.310115352853912,-2.4034700292072277,-3.823722341680832,-1.4098692096544712,-1.5520348386999858,-3.4290134418584803
251,-10.058244592834464,-6.833694775324797,-2.9858805463861375,-2.735973558189081,-4.177806349672859,-2.274217239751514,-2.8898043852740165,-3.4315867940271607
252,-8.246945090945314,-6.350635501511922,-5.481023152359435,-2.940557639890358,-3.92439405996258,-4.144412815764478,-2.2547262637419694,-2.8868111406378523
253,-8.601517842102702,-5.717546994060654,-0.5011522776362616,-2.4493078975700784,-2.54187729670627,0.3161596984035353,-1.8220679332963934,-2.346790874621072
254,-7.089424162406944,-5.351694692566281,-1.1307431719063514,-2.0804945774490737,-3.4451348849722696,-0.3464843785958605,-1.6290936799801927,-2.9178502881576183
255,-6.639684783039588,-3.3388157229084614,-4.37654843745371,-2.481889579426197,-3.1653436506932047,-8.773251500986287,-2.9905228383485043,-4.719282653517945
256,-6.222368954949909,-3.836249008032656,-6.1981229719661535,-4.418075637566665,-3.8496358665563757,-10.289718437455003,-3.744181896302672,-5.794186785083914
257,-7.065047190692447,-3.5609681992137103,-3.036577157361792,-2.1706631163234285,-3.323956404825963,-6.630214171190874,-3.042192924755429,-4.159519951540395
258,-5.509794059459713,-2.6600923512289447,-1.5912498865924984,-1.5746470320198305,-2.516031097084871,-3.6738917309044568,-2.1162954541170214,-3.3958172497900785
259,-6.063002514414614,-3.7058158403834818,-2.6498522778192544,-2.3288698213809695,-2.1283207169371057,-4.665707574794121,-1.4393750969186356,-3.703170029842945
260,-5.8712924834849,-3.764624301886279,-1.3913871156042688,-1.5251196176723576,-2.357862595005007,-2.5070128412112873,-1.6607967526368437,-3.49195147902274
261,-4.036610638963174,-2.3016995936908873,-3.3109058782755776,-2.4998655847464875,-2.688533344491538,-5.727465186584586,-1.2537572706406184,-2.596941301275733
262,-5.027606874522063,-2.732258987891111,-0.32256605366511054,-1.2757773111955404,-1.3341290424856402,-1.129351052260884,-0.9516136574265212,-2.6596003863994264
263,-6.175007696259646,-2.638943527043741,-2.487274778475107,-1.7787053682180294,-2.2700367998026922,-5.340325735136112,-2.251610359696077,-3.095764044755612
264,-4.110353465239876,-1.9908410253120874,-0.7648822425551862,-1.076353270069132,-1.582428277522797,-2.130450233700884,-1.2446660610013422,-2.8021601937251464
265,-4.853634867060774,-3.6231184765413236,-1.9472330627533583,-1.1892791251796244,-1.9919519021458207,-1.9336526429501961,-2.100481705560204,-3.344913418574025
266,-4.191817888771424,-3.0884457190314887,-2.010736988006451,-1.3161830529191358,-2.114506427481972,-2.1967416379073383,-1.8213846789731494,-2.3231727711868304
267,-2.9752273142584804,-2.3878960144863317,-0.08198505676111909,-0.4869253511722617,-0.677538004436402,-0.28921703494160667,0.08438708312068374,-1.6790481664252845
268,-4.491563758221342,-3.9141496593715037,-2.618363039857182,-1.7702421356787503,-1.993911483898006,-3.2822490534710815,-0.7062352587125514,-2.048221805136497
269,-4.191238038204946,-3.2057343962906275,-0.5264608570381187,-1.2302753873475814,-1.306449528932607,-0.8556592443005354,-0.5413558584478794,-1.7958591012985936
270,-7.4478882650973794,-3.896676540411631,-2.3689182301637013,-1.7299530923160584,-2.332210184430461,-4.15352235120018,-2.368515588028705,-3.0913127378455525
271,-4.903296907277319,-3.9119291537758256,-1.3811038265321696,-1.3322961067923171,-2.0913954834068553,-2.449344046915155,-1.3016056695072886,-1.6367947311511175
272,-7.392993922473725,-3.9601385833740665,-0.700255264382062,-1.024505736463186,-1.753441942663596,-2.009237184421862,-0.6557876281092041,-3.201012113852336
273,-5.752234502410643,-4.646425496125609,-1.7393338110474754,-1.8643832419114852,-2.532558129397081,-2.133263403743693,-1.7154049787113619,-2.537165137740087
274,-3.333325303015005,-2.9152730528892206,-0.3730778538574841,-0.8772605727140833,-0.9491270146075524,-0.4729622909273635,-0.41585842215538654,-0.2949533703116559
275,-4.336019065138826,-3.041754342917819,-0.8947039762613007,-1.2845880261248777,-1.4618529853494735,-0.5739351253132113,-0.15236869901099173,-2.2076666574002877
276,-7.910307102360862,-4.297062909791945,-1.212184076320363,-1.8069291937255,-2.3099625702510123,-3.200805658333243,-1.4201767766188838,-2.78942560790097
277,-3.8688642386958545,-2.6649981754253793,-1.0196800349389532,-1.3368490815121559,-1.3243768629354857,-0.504552621414246,-0.42020699959776403,-1.9073833653098429
278,-5.824760663721904,-4.029179740983159,-0.20900923077738393,-1.1719502779381745,-1.5772034371677683,-0.5495669634233276,-0.7650184932154707,-1.2649510267731898
279,-6.395046968570766,-4.703378671728252,-1.0230581518754533,-1.463585202672466,-2.1088466285128846,-0.9107183595527625,-1.386062002305668,-1.796801000961351
280,-7.087178766012268,-3.9626511018580497,-0.26822425855786,-1.8747228610969524,-2.0420461037483477,-1.6666416301069695,-1.1742835080099465,-2.4496873690757415
281,-7.5916827969294856,-3.7120245368385154,-1.0660322867782022,-1.8148279060146693,-2.1083685500581084,-2.594968031326538,-1.0334564672583813,-1.86405997448948
282,-5.742926230462978,-3.490167533259401,0.15374839805205018,-1.6948906507071007,-0.9007253383812103,-0.313924868126658,-1.2316222246657196,-2.0721544462670716
283,-3.0711662564064293,-2.1537272517351425,-0.6453846891586701,-0.5545553364298462,-0.6788053283314454,-0.2768532173080866,-0.46731289391345665,-1.106859042898932
284,-8.231205020915835,-4.042964372866282,-2.016671159508211,-2.1964078076344293,-2.5236926719860104,-2.259332140666783,-2.4709516453476126,-2.346354494060717
285,-3.735896177005521,-1.7958345700367695,-2.4186820845405874,-2.1151045041213195,-2.449415783194918,-5.384365979387912,-1.6997802672010658,-2.191900230174108
286,-4.018064976934724,-2.1865909147253326,-1.3450858516337423,-1.1629262423720368,-1.5371867845652099,-3.7248521313423435,-1.7039392182342854,-1.6768125981752682
287,-5.507021376082951,-3.3980458429718747,-2.479657919527196,-2.5513883524799725,-2.679573933578999,-3.7735673137204326,-1.6670372631274546,-2.5069568146600556
288,-6.270237641953269,-3.5492536713832936,-4.043060548635441,-3.1682502313106946,-3.2694641645399876,-5.156114024538432,-1.8533292222059037,-2.6091384575736742
289,-8.152239931129003,-4.728232146049113,-6.629755819272231,-4.144780599882956,-4.569607115272652,-6.3765498698990495,-2.350888172343697,-2.887288772093658
290,-8.518076062202454,-4.667032357018727,-3.9434203416682205,-3.5795330760570674,-3.8143188391740503,-4.753742191653985,-1.6643359045712993,-2.8771722472917576
291,-4.3388692658782455,-2.6364958428038157,-1.5856129968435344,-1.733014681687551,-1.8516040161968084,-2.292295246769376,-1.5418651695907297,-1.4384644398908544
292,-3.371675621872527,-1.5949831342571685,-0.575531258229544,-0.9330056717297449,-1.653681871845733,-1.9431717042894736,-1.2055115987531082,-1.1600711945623363
293,-6.4350279041838405,-4.271851537554603,-3.986644880569894,-2.9640643423961524,-3.966917223682397,-3.8641446035231586,-1.565344869895645,-2.487964971188908
294,-6.853643403709625,-4.372689045166993,-3.2715354514185004,-3.35483187954511,-3.6209807223900516,-2.866098651633409,-1.3309655638442577,-2.4254371477061323
295,-5.284836227046991,-3.8460412966111526,-3.843130539104817,-2.629937363433925,-3.879644985990174,-3.119491165792241,-1.6759790145606765,-2.453373740987564
296,-3.147021968027205,-2.190658470182082,-2.4999437610881277,-2.091344914847131,-2.2928891574336663,-1.256941032553087,-1.2925812870814337,-1.8847906771510108
297,-5.517843906986922,-3.5270689117732092,-3.1880938361446987,-2.6487058466468762,-3.4636027590760006,-2.4309704127393292,-0.9877161726661411,-2.0371022374055396
298,-3.5504793112732895,-2.4307042681707665,-2.074604842387274,-1.9317973657979743,-2.2093993818348476,-1.2129683904581843,-1.828769647067885,-1.9390011155404066
299,-0.5732058876377699,-0.5439080960734108,-1.033609051909126,-0.7262662111919705,-0.673565700389148,-0.4345663518937936,-0.6415162376878282,-0.49421192164977773
300,-3.430529525001294,-2.680406278660257,-2.0119615895656273,-2.2912104505935957,-2.024937728863167,-1.5746319953923973,-1.8358889841400479,-1.7457840781282485
301,-4.4360389252940005,-2.903866134786416,-2.0393768542376844,-1.8799593807559951,-2.202625373319111,-1.3402595087532754,-2.2063586695741093,-1.7861957584619947
302,-4.317143509220638,-3.5909905662580925,-3.079312327539118,-3.435574798694103,-2.8338206656524747,-2.1369578830197167,-2.961266729831516,-2.4224102017044133
303,-4.27685098503447,-2.468029806105426,-1.6515629936534149,-1.8100627028906173,-1.409308999583847,-1.5025923598258504,-1.9905312143232292,-1.200935144921779
304,-9.035493035909804,-6.402690884113312,-4.940290460703048,-4.134268039693209,-3.7325580464411865,-3.8491795915900306,-2.0036208144345067,-2.9468138291876422
305,-2.5450119892910017,-2.1003056856888405,-1.2422840783492737,-1.257275463256433,-1.1525489933889124,-1.0263243434806135,-0.9498286189370845,-0.5764930575359284
306,-3.56538705573961,-2.7704996505647292,-2.774449795466141,-2.506620254776002,-2.1090703775372925,-1.8169975722835165,-1.8777794228533264,-1.0779664207667476
307,-3.1671501895338547,-1.3973858198258793,-0.7304473067487842,-0.7443217130155945,-1.4884308643245026,-0.8383469845189964,-1.2176358009628083,-0.3971247342989726
308,-5.485515357673318,-5.272718294623581,-3.8807934377683595,-4.209026479330522,-4.063476447498266,-1.93137162602333,-1.6697738458243965,-2.1237483526705696
309,-2.916485083832599,-2.5684140121716053,-1.4845885919773356,-1.1950495612125112,-1.537922475710699,-1.2023220824352738,-1.4431543846673687,-0.5630648632104494
310,-0.982597014752034,-0.7057916019758926,-0.4731604747251119,-0.7822711498775018,-0.5895333699939013,-0.4516897649087344,-0.602428228436736,-0.16170024082424844
311,-2.0147912785096045,-1.812859151052472,-0.6847658915276419,-0.9373866477213985,-0.8876699431828181,-0.2593835698540939,-1.1023201561771663,0.6534264710479529
312,-3.0530438894153153,-2.7552556631761274,-1.4317812086386315,-2.2865935113363265,-1.7901114459634653,-1.2176062879437721,-0.8300402717178803,-0.9902006321845517
313,-2.3641896173358465,-2.330644855990686,-0.8893464168718247,-1.300754746299522,-1.0031104013484207,-0.6878352729210087,-1.0960283300224725,-0.3011853677927587
314,-3.704371695148843,-3.492320112376372,-3.0484842050969503,-3.6841311701338415,-3.1679979291019835,-2.1890954807755927,-2.402275786436878,-2.125484152529293
315,-2.8995964790985367,-1.059178440454726,-1.5471595134399718,-1.719512256024898,-1.7172495208274867,-0.729200483264913,-1.261952664189092,-0.5377442805413956
316,-2.1975719952869013,-2.1891751514988957,-2.0348397932716344,-1.8366603011068388,-1.5078406775675561,-1.2346077609198027,-1.136306585886397,-1.0136826053609642
317,-1.2603268267701933,-1.393493754730084,-0.729139959907569,-1.097431540279119,-0.49096677712908354,-0.4298505230257947,-0.7090192358101359,0.14749789439949082
318,-1.3337609604547538,-1.6264249272224953,-1.022347217684665,-0.793101636187623,-0.5501451316218349,-0.44060003933278535,-0.4744704456204125,0.2482597881143982
319,-1.3954896915928574,-2.268051580535885,-1.298272877441729,-0.8432627412468637,-1.2568116824312117,-0.9221387410509431,-0.5375491562284832,0.8190405425803242
320,-2.361078181541195,-2.7812239833569654,-2.484175463936132,-0.8883176119361572,-1.2621638589371045,-1.187719992853479,-1.343261021796683,-0.8479334824883954
321,-1.9215606860948375,-1.692766890530116,-1.246902415609138,-1.3219783244871866,-1.5599719819848255,-1.1813723357492172,-0.6603012467675108,-0.5669569504434404
322,-1.7349888231342494,-1.8693231761378883,-1.8339307123140343,-1.3388662398220832,-1.5186251741855594,-1.0317310684625138,-1.390119965491835,-0.6974296354642915
323,-0.7659868366819774,-1.088246493962394,-1.007475230322536,-0.5116570424108033,-0.386353925291245,-0.43891945159799156,-0.42197553303392926,-0.13397987930560992
324,-0.4259944400195707,-0.8264952231168247,-0.682835333702832,-0.10081387531708828,-0.25347048819789536,-0.1281018906323424,-0.12423063962931465,0.48635690807065524
325,-7.36522241492048,-2.782845994044246,-3.4033495914433574,-2.9543154121253528,-2.790300713594752,-7.147512708837933,-2.1717681033447493,-3.882186860460227
326,-6.975519450791038,-2.758364759143885,-3.2102195392092,-1.7540499105944878,-2.1143453170775346,-4.969629666192771,-2.486839972802042,-3.361110289436312
327,-7.603699188217992,-3.452603266075798,-1.8657859224668218,-1.8018257692355153,-2.4723804975381176,-4.07719377416961,-2.263828144154402,-2.9097077514486274
328,-7.331131475133434,-3.305082405100546,-2.0360514541721595,-0.9668778771307551,-2.706598918699944,-2.454902709272548,-1.643416470167853,-1.896127613971744
329,-5.746383496584828,-3.5100937087470534,-1.343687944902984,-1.7012179088658106,-1.4798402985325159,-1.5372122763045504,-0.8046739917530911,-0.8629479006038626
330,-4.506111514609972,-2.3754835161134125,-1.8451349770989895,-1.4558392294328384,-1.5965017718367556,-1.2908480270984297,-1.5491580393357547,-1.149558710217947
331,-2.881379674605517,-1.9739412894103145,-0.25732783311571866,-0.9678778577648772,-1.0877226942095521,-0.5170823083741755,-1.6410596332691498,-1.181605753316732
332,-5.347988483527445,-3.258867960656028,-1.2645726674384077,-1.6381898129038974,-1.1388982021224674,-0.4934154557321128,-0.7720832143150542,-0.9625955845511975
333,-8.53032922072927,-4.858433117870495,-2.5203306994016113,-2.613714881886505,-2.8484376491063337,-1.948969639621476,-2.497682601019407,-1.9838802254215548
334,-4.930441759368982,-2.540447817214444,-0.918343763388383,-1.5704365749859812,-1.4359666780205633,-1.4692740206916612,-0.8133806607818204,-1.3517364318830374
335,-6.787986690694439,-5.114445955936515,-1.4033696936816449,-2.33114134269542,-1.7907692716497445,-0.7122868596928341,-0.9254786922041884,-1.3983780880168601
336,-5.764804802744591,-3.281666717865972,-1.0583988162456435,-2.104716076027374,-1.9307216238613376,-1.703800195498547,-2.235223170247921,-2.2195623751374876
337,-5.930881755248355,-4.212632386520484,-1.0747651007613985,-2.5320828873603034,-1.8410788438588377,-0.5849836084218352,-1.220183044561978,-1.3495142553711716
338,-4.266143003442225,-3.2574869489634772,-1.3762902764542206,-2.3240560490376874,-1.5141658748166018,-0.5272892609062784,-0.8192874122806122,-1.2850841114733929
339,-5.813306067177663,-3.288719137424449,-0.7960304683968045,-1.3011929377202482,-2.1867501639502156,-0.5166303367486506,-2.0288635103039283,-1.7402079806020727
340,-5.218631713634553,-3.4535393756835013,-1.7998329560882196,-3.3984551004786465,-2.1172364160348147,-1.7880893167269605,-1.456113821923619,-2.485565966491411
341,-4.395251358844051,-3.5053000254357034,-1.987034290670322,-2.377554355373349,-3.0591153913638225,-1.5865585301048168,-1.7139383626893008,-1.8578570954057392
342,-4.401717407486946,-2.7729859599241578,-1.4878936000959329,-1.8349783436084224,-2.2609634763487567,-1.4000024996952667,-2.1412765490364705,-1.6729567829612868
343,-3.3687602172219373,-2.854852771311475,-1.3935476132322588,-2.644190783772427,-2.2079365749015967,-1.4790321521334955,-0.8624922722096036,-1.5341651111816659
344,-4.289827288937864,-2.380630725772261,-2.5865115672492696,-2.4726845319406685,-1.8730414952085128,-1.486271789228545,-1.084175662893919,-1.14803743075584
345,-6.801509859379558,-4.651899981534354,-4.459634230174203,-3.886966156992042,-2.5748772085954745,-1.8855410767599072,-1.708327798299009,-2.112540377496958
346,-2.6947180303155958,-2.107853220842883,-2.0115484871312446,-1.0122510267488107,-1.018874640855417,-0.6812911252649692,-1.5235721806162268,-0.6991108758198672
347,-4.672575406120703,-3.581683845913654,-4.269077305510911,-3.3233774182988185,-2.559649287597505,-2.2421153447704083,-1.6244482854247437,-1.4101226348630083
348,-7.268264214280013,-3.4340064548771867,-2.23945214704709,-2.391285005007396,-3.032616770351882,-4.855413327363358,-2.9060037382885437,-4.069398005423855
349,-7.686014315138303,-4.193414276479169,-1.4171992532135995,-2.5761658510842547,-3.25174574640975,-3.698886699073833,-2.8098048179793134,-3.289663595384727
350,-4.568555399241998,-2.539851513465185,-1.3601766153529136,-1.5575052737921578,-1.8827218175112879,-1.3456717239480247,-1.2256083945802856,-1.357500087179239
351,-4.306744302213146,-2.7200438254071337,-2.0230407473797025,-1.4706068016369707,-2.034066582161651,-1.017379399747113,-1.3431148082373423,-1.4410186998472152
352,-5.1056085268296245,-2.9701944103417945,-2.3244236201190134,-1.7923352599047295,-2.1343451625107273,-1.318782989603004,-1.7293210784662987,-1.8427637755883999
353,-3.4584799637914867,-2.052927947044444,-1.6975224434446143,-1.3575486003971504,-1.5923860723932088,-1.4813588348709104,-1.3953919337656449,-1.6379331324656368
354,-2.973574512742424,-1.7774595838832064,-1.1353644094756665,-0.8593682202972432,-1.35676342596572,-1.3141308518762798,-0.573599178391662,-0.8252283701110791
355,-2.629396727130402,-2.1138421025097998,-2.2079611116570814,-2.50114274685097,-1.800826727548877,-1.5254139098711428,-1.8818351049669146,-1.4897899731477324
356,-4.434362005757681,-1.8013464170538582,-5.440805477466602,-3.0315838421702352,-2.6413711225556455,-7.882859118090019,-1.6530613120876534,-2.630905379395519
357,-3.6012974372192685,-1.5246168737975172,-6.12640039791592,-3.1653990947638184,-2.813352828085445,-4.845158954646794,-1.819750925994465,-2.0569445869094234
358,-5.581032516363026,-2.6870072945056407,-5.340719311653421,-3.392204628820187,-2.6589120159209516,-6.964628333066509,-2.2421937269351337,-2.5167296598801894
359,-6.275766041630649,-3.3168792807773992,-7.2853184159386855,-4.227608389635567,-3.8354410418526963,-6.61668478562256,-2.3746806290559204,-2.6457513204315304
360,-6.860467446484537,-3.9059978038423,-7.662307437901378,-4.349907459324193,-5.051455842511067,-4.116274029907488,-0.7587488772333915,-2.1694661118635006
361,-7.265230447830769,-4.270602783582143,-8.088512225094728,-4.427675306644079,-5.066602951628194,-4.664392931838103,-1.7429773618455795,-2.2430215376671554
362,-3.9492049442106367,-2.9162585951338684,-4.279461789022375,-2.5620165023322863,-3.344109871109915,-2.2241718578191283,-1.831282177853726,-1.740789053564778
363,-3.8484107556317992,-2.6665965953333672,-4.444804075672724,-2.9637405291666155,-3.1008689931926927,-1.8483002948048988,-1.782985617237148,-1.764741976381396
364,-4.525466203464576,-3.552001778792828,-3.7914600821884767,-2.6220127605315633,-2.922974818638959,-1.5249283870051042,-1.1822329805181302,-1.484033098767029
365,-5.091517926911642,-3.261597466765023,-6.075299278764432,-4.66242039973969,-3.9325096713120944,-3.2576861589732786,-1.572719734529227,-1.571952233142777
366,-5.728189675719347,-4.354830485595134,-5.7445355970086585,-4.524577504660348,-4.081960257823544,-3.320401439573383,-2.012939609449332,-2.4570148258827134
367,-8.4273731122247,-5.969986841906872,-2.6046510017551987,-3.257827131118283,-3.1795605751067986,-2.4533339322597483,-1.2667175031336049,-2.347552378087178
368,-4.1316057983093275,-3.4847942975606823,-5.729625135714739,-4.702226406391448,-3.98663856179563,-2.294114322501848,-1.3806601464286656,-1.5371881168947676
369,-4.379004456586697,-3.860930004008883,-1.408438169638909,-2.109312123764518,-2.221592228240354,-0.7493158865478281,-0.7215165761377929,-1.2704990598971577
370,-5.326118401822223,-4.277259847948063,-2.207303180152758,-3.402880471841785,-2.5525122716196713,-1.6453007263991217,-1.987344551531308,-2.7049688284429076
371,-2.9991082488059853,-3.4031036331649998,-3.892276056054642,-2.3347498035306318,-2.3179982923293556,-1.5328068940092328,-1.117746237503019,-1.315582020360048
372,-2.1375087523610365,-2.3150316947125624,-3.047838883406206,-1.396340581519198,-1.550076599348559,-0.9549742314972152,-0.9159207162418923,-0.3151461698419067
373,-4.3562340520639,-1.537163856306239,-6.723110642024501,-3.0714069245052333,-4.260812518454258,-5.288702596279264,-1.5673939747580794,-2.344482697702421
374,-4.994679148430441,-2.424031177275719,-6.647334526192194,-3.4115235911576844,-3.665453527814465,-4.733735637935383,-1.0404596855395067,-2.581617959864744
375,-2.94798347927827,-1.3302663116336622,-4.232273189580464,-2.663446577610816,-3.492342903037516,-2.4331609879467715,-1.4356132743179497,-1.4409598251219027
376,-4.74928250806179,-2.9255980143490117,-7.031121589478135,-3.615456874974875,-4.128489320433439,-2.920842472475204,-1.2431920573707402,-3.2047784069260876
377,-2.3732196617935615,-0.5779647135300556,-4.035043264956814,-2.27129436278034,-2.385117109749784,-3.7224794859516095,-1.1089299720115045,-1.6289666361183512
378,-4.433171654906809,-2.7885865353427746,-5.158902282222166,-2.882232010837722,-4.316177820835228,-2.472092651622352,-1.3723121142642016,-2.2204924072259953
379,-5.802750263093995,-3.500997245433588,-6.477163347931237,-4.354058493441815,-3.4170035416063627,-10.957515766963528,-3.333045642305062,-4.542691199651096
380,-4.694020526308136,-1.8343190103384561,-4.90987173746883,-2.173197718806231,-2.6716097997516055,-7.844262816376089,-2.414923229464536,-2.7192860414708044
381,-3.9904519480071445,-2.1175549455621483,-5.1274232389820655,-3.3758824852241847,-2.8355576187968374,-8.700392851075346,-2.289616532212043,-3.0522611381391562
382,-6.991526071327426,-3.006488219504006,-5.40948836048983,-3.334541846355236,-3.321709120740264,-9.88094256446188,-3.0327267215214535,-4.142064811953778
383,-4.035030509785643,-2.180249860670399,-4.803418572447509,-3.2179636191520093,-2.4670381225921783,-7.783875852009426,-1.9635479326194767,-3.124893927871735
384,-5.0022261754567126,-1.811401434719695,-4.018097620828489,-2.1445407978468745,-2.432332456356916,-6.65428814623758,-1.7400618716364198,-3.278960412491368
385,-5.75027922066634,-3.771628473952015,-6.123606534579343,-4.582856085042262,-3.141376524318826,-9.216688607905613,-2.867637287036472,-5.675384842045354
386,-4.918669859967341,-2.2156942941580606,-1.4328842840454878,-0.8362872769383826,-2.2154484935097702,-2.1575505551656007,-1.222231570144584,-1.9841048235198029
387,-4.230197997221497,-1.8118722785778039,-1.1725393957624202,-1.0379472600516428,-1.5470387158757166,-1.4246940538290753,-0.868651824306184,-1.4002345982525757
388,-7.125338686783944,-3.97022992106729,-2.5783774575314404,-1.6265543812727463,-3.1240413443269475,-2.397013601282999,-2.488781092110267,-2.193943651657333
389,-2.998618499358386,-1.2832015452901528,-0.8979139337351425,-0.7723414178664659,-1.0313953519867312,-1.1801022921382855,-0.7911323036459487,-1.1238607451172247
390,-7.373161766791542,-3.887822975430389,-1.5118265049963568,-1.9926391676829875,-2.3122410665794257,-2.5273211198006558,-1.6064848539444982,-2.3037671911461555
391,-6.640907775983797,-4.145812670217864,-1.8657774052260445,-1.3455613643923052,-2.9533991249218836,-1.9049280244298183,-1.4810249128199056,-1.9080633602018802
392,-4.645794992906352,-2.0242361510329894,-3.409090253195282,-2.140238034910903,-2.476051481370569,-6.0451675162352565,-1.8734446110053182,-2.6932260023907326
393,-5.054011979087823,-1.9719401711231763,-3.3651947980417556,-2.3208404508999063,-2.5251092412722955,-5.631456468869353,-2.6986450390436,-3.2414740566421307
394,-4.823927758599883,-1.6734436893333584,-8.976643380374846,-4.4214014160974,-4.4513584644495,-6.212359263651186,-1.9656949162411403,-2.876820550472377
395,-4.978495908099917,-2.997699741563826,-5.422507703844025,-2.970894197631831,-4.406586779340755,-2.433789475543947,-1.5635929363253749,-2.420215986308908
396,-3.31678922059168,-1.9826211504888527,-3.5473796542673854,-2.7650487630477123,-3.220459491427258,-2.027190048028844,-1.5244721617460035,-1.2190653110419918
397,-5.075021927994291,-3.5920894491864943,-4.0206169292545235,-3.2573422213730625,-3.9227405163591045,-2.5596219209625737,-1.4463069293026467,-2.0186881566139494
398,-2.879872478901113,-1.5263384229535264,-3.0879206214502926,-1.7482859222177425,-2.6343561403237037,-1.6231867725522757,-1.0171355600469238,-1.1309411578602975
399,-3.7792992365161506,-2.9842499247755985,-3.7647115604343986,-2.8446956077055217,-3.18427840531729,-1.5722994649187039,-1.5175700815797801,-1.6206593516487906
400,-3.385583499063174,-2.3275644598757324,-2.7626600502275434,-2.0654920264015906,-2.814872534252912,-1.3538130204394139,-1.101377650138032,-1.1497819364208697
401,-4.155179295622681,-2.7867020199883714,-4.060748806181554,-2.4086360798205644,-3.055716167887477,-1.8689802627663488,-1.9595029847945444,-1.7023754016862445
402,-4.543708137361532,-3.01289165408208,-3.2500172965028273,-2.1340754458300877,-2.6978337584154697,-1.4813316774914458,-1.3103137144209,-1.6076592342953717
403,-3.220670640650853,-2.606988568755384,-2.7782098739464334,-1.8020231551488426,-2.0763253095064083,-0.7080698754608536,-1.6904449936057373,-1.3500855999726464
404,-6.480798753150146,-5.043001983125991,-4.306127702251119,-3.82209379970911,-3.3473143955138935,-1.910924568406539,-2.008687481930479,-2.221858531871133
405,-3.4232644601371693,-2.727105626735057,-3.156965136873437,-2.105186830983597,-2.5941143442200576,-1.0694379471614734,-1.5523160894646517,-1.51111485791598
406,-2.938923096584544,-2.090425966415876,-2.0691074889178207,-1.7394917057112704,-2.176873274713604,-0.2677319727478257,-1.0650333703618977,-0.9380562345069013
407,-3.5174482672257548,-1.788165438713955,-2.262816420286195,-1.9843215252020716,-1.867174479821713,-1.081118715453888,-1.2456904348179574,-1.4002842329473988
408,-3.285886178138624,-1.7489714850611617,-2.584759489507107,-1.905419321952144,-2.019675939959192,-0.7341671206946473,-1.360187266476939,-1.135654519474053
409,-3.2740706860938835,-2.9260211400104272,-3.42269434708475,-2.67994439509879,-2.1353203391349402,-1.2065964057206462,-1.2348344267434463,-0.6749413090068148
410,-7.115685784457988,-4.487220891561579,-0.12524636006389456,-1.832181059633269,-1.3789516196815501,-0.27970382096666013,-1.5178556068708426,-2.0839884603519114
411,-7.80738786804739,-5.4288928050049385,-0.8855566645135114,-1.9999023557142157,-2.730354160328391,-0.03244940392122229,-1.2392674561706372,-2.1548826264090697
412,-1.8671296605426762,-1.6659925630318821,-0.7960251574882553,-0.11818321477797697,-0.7031722328948159,-0.9259801021146339,-0.41524041340314366,-0.12128679960890644
413,-1.5855601946387279,-1.3460815202918934,-2.086561834207212,-0.901523451478391,-0.3663759079018677,-2.145582623007608,-0.4394685331942628,-0.09900205469416538
414,-4.388951634272804,-2.9948826247207516,-6.041063024960701,-4.054043054712962,-4.234635577655438,-3.749099115513128,-2.3730734074473494,-2.4418025956066685
415,-4.389078170514225,-3.3032020457775952,-6.379371033677128,-4.233615602707699,-4.072732724054262,-2.194082098957098,-1.7945100097167528,-1.2648223059247956
416,-6.750327788063942,-3.5304898686322925,-1.627524473912907,-2.633721721768127,-3.277220479025102,-2.9756511632244806,-2.032234237557737,-3.197063358766798
417,-7.774447338331125,-3.7013780835042915,-1.7678733118640768,-1.3950519090568296,-2.8332198804013595,-3.4934874023630726,-1.1931563564777492,-1.8346672283736956
418,-7.460636584710342,-3.6126045969038314,-1.2331777892109133,-1.7351167342655447,-3.2231208049837026,-3.1151709581348093,-1.456277444218658,-2.980423566614984
419,-5.68152796813882,-3.0700686175167307,-1.6000951393086036,-1.6837429915462145,-2.685944339549453,-2.685158157219667,-1.214401781210397,-2.1414438110733416
420,-6.198331739176747,-3.664285177450917,-2.117468539647524,-1.1320250052830483,-3.045112655852128,-2.3583942619028333,-1.7058974867227268,-2.68463624350758
421,-5.3931661297221405,-2.265282993282144,-4.571351795045539,-3.421474721782113,-3.258033580604331,-9.209860515274293,-2.6632582277440195,-2.9043000586038112
422,-4.568478588849134,-1.6736798615321298,-3.4559973996859386,-2.0543916238566413,-2.122153875252595,-6.2798307488527545,-1.9146185611334048,-2.112473547744838
423,-2.9353450251143345,-1.0325413573059923,-3.2193271179112233,-1.9037116593169112,-1.5618784592474313,-5.923963836024793,-1.2222359647641754,-2.0420252224976196
424,-6.841632326595528,-3.3498207033719307,-3.761872156127916,-3.2692635063231297,-3.3207084573528163,-8.793247608743679,-2.4906072315733128,-3.1563806662257052
425,-5.888895219826996,-2.858706129939886,-3.1361081026589144,-2.1128637249247957,-2.786353630020397,-6.236977036800991,-2.3207073249978967,-2.8882019174330766
426,-8.782560908990057,-4.721222984931794,-3.8391672398530927,-3.6858428606023788,-3.8147501375487862,-8.86855585104077,-3.2584998568165435,-4.369800815187441
427,-6.038352990553127,-3.135094191086602,-2.979201252312968,-2.193171208002984,-2.687994805745802,-5.394562108221178,-2.474970590630861,-3.5036501631147736
428,-8.325206677678834,-4.871468003378336,-3.0128871449680497,-3.101692768472448,-3.630150506619223,-6.717988490375355,-2.6852648142408153,-4.099623127879437
429,-4.158622911786387,-1.6847447244891527,-6.466128948750025,-3.21263908676446,-3.3750985725968556,-5.286095210623284,-1.0826740062996207,-2.6201322807546976
430,-6.012351254600613,-3.35020499053608,-6.509972143962291,-4.012141060024046,-4.530444047081797,-3.9203190921901236,-1.4220877527210956,-2.419782549960213
431,-2.513401282355402,-1.1779035665269824,-3.340194645652978,-1.9092840871659682,-2.5592512862917705,-1.8043245368423437,-0.8218864935445148,-0.9988489025269097
432,-2.1962399726609725,-1.8686364230963701,-3.0395122677290076,-1.6823192484543288,-2.0922248655951705,-0.989614425057542,-0.4377137519130386,-0.7108597396187327
433,-5.061784174957519,-3.247359259454399,-7.328973272806625,-4.665519513903591,-4.733899735282235,-5.620550818664656,-1.5070293069634555,-3.091807185045818
434,-3.7767545693879288,-2.582528822422848,-4.790406623816413,-3.3100210325198223,-3.7654659151819905,-2.828732021595928,-1.2733481905513495,-2.056147884386707
435,-3.455818822950969,-2.9586826293696804,-6.011087836834489,-4.108656501050993,-3.786227071086052,-4.287974991926369,-1.8618703966175312,-2.565828826337482
436,-4.649650080793049,-3.4662792582576025,-6.866975624809217,-4.501234312784563,-4.763270132133442,-3.861766201722347,-2.5803086959081165,-2.821076003693817
437,-3.4606911026828278,-2.4999175034217016,-3.483544632768523,-2.5383969787677243,-2.673087023175905,-1.8368499982198825,-0.6686564955555491,-1.5858657245642385
438,-1.2285594011420806,-0.9015273709726204,-1.1967565859562292,-1.0335820347710474,-0.19896437330207165,-1.8506590195712616,-0.30734775773561174,0.07226883571928285
439,-4.718876681762406,-3.005909958104727,-5.171365069349671,-3.404043552092731,-3.97823869236739,-3.03051159273073,-2.6409351337175306,-2.449248112071923
440,-4.319605619120751,-2.605496297304292,-3.518815011415604,-2.389888355519066,-2.878947820825046,-1.878876677913492,-1.5486596600645723,-2.6040493088017156
441,-5.1645069831593995,-3.6518092653144842,-6.38414711531386,-3.9222133018071506,-4.887808284479814,-3.0208405991066036,-3.0040607955049263,-2.727526960278498
442,-6.0957849979106,-4.48386280142216,-4.486701827694692,-3.485602555339008,-3.7250918321615845,-1.920730596226061,-1.4761682055213414,-2.3838868547273875
443,-2.054434999840966,-1.7033375915850335,-2.654768364729059,-1.8078077994060895,-2.0370857186088176,-1.4128124781663105,-1.0545792666636031,-0.9334189203512278
444,-3.9764374327166343,-3.319141470399169,-3.3192577923744624,-2.3319943900456717,-2.6388086456157005,-1.5934900154784375,-1.263190784194512,-1.1152291469069229
445,-3.3211714992233112,-3.3228392140557315,-4.5058242370920665,-3.0279223233909267,-2.9063164130568984,-1.5739239654218782,-1.2501739839617858,-0.9894483676993279
446,-5.168640456781372,-2.9199683443031264,0.10959116144485716,-0.9440701991159669,-1.6745131324288864,-1.5265160655238568,-1.2668376219854893,-1.364516775414278
447,-4.4795047007501125,-3.420077529990233,-0.5637825517389525,-0.5261751077873048,-2.0590503375078777,-1.5250059496775465,-1.5870907697435581,-1.3079852829656526
448,-5.531149397418851,-3.3072215947467165,-0.21843972572659573,-1.2583918603271826,-1.0816128158112717,-0.22604983228904402,-0.2644617061711228,-1.108486368546468
449,-9.299723845205035,-6.356532794308068,-1.3517667456953826,-2.2303674205757686,-3.438016801717004,-2.6007090915861317,-2.5664994483039254,-3.265515092736089
450,-9.97806570098156,-6.456471854819514,-1.3015808619488145,-2.84699146612764,-3.37869910820092,-1.385590150442845,-2.205015144564889,-3.3189971235366746
451,-8.755034744294568,-6.4023565102411295,-2.330717382622707,-2.2908686691375264,-3.6326274816330764,-2.547879964378691,-1.4692046151159954,-2.6176838312461723
452,-7.646164827807895,-5.447646231623239,-4.4587096652230676,-2.452157332923554,-3.2159958838992586,-4.1609732343488375,-2.1654370011539474,-2.22418569251978
453,-9.607490506623678,-7.143868259341588,-1.4282075337301368,-2.737829116389644,-3.8757063595275163,-1.7268084338437713,-1.4409045844434158,-3.5069664258592246
454,-7.864283410999747,-6.06312378447471,-1.9884984480644639,-2.2831432510472345,-3.8511105875055702,-1.3310789566973318,-1.7746259145526846,-2.9692019101715026
